alpha_id,lineage_id,name,research_family,economic_hypothesis,signal_formula,required_data,universe,signal_frequency,holding_horizon,ranking_method,direction,neutralization,winsorization,missing_data_treatment,execution_assumption,transaction_cost_assumption,primary_metric,secondary_metrics,expected_sign,economic_rationale,known_literature,failure_criteria,status,parameter_variants,data_period,result,decision
A001,A001,medium_term_momentum,PRICE,"past winners continue outperforming","rank(lagged medium-term return excluding recent month)",adjusted_close,TBD,TBD,TBD,cross_sectional_rank,long_top_short_bottom,TBD,TBD,exclude_and_report,TBD,TBD,rank_IC,"IC; quantile spread; coverage; turnover",positive,"gradual information diffusion","Jegadeesh and Titman",TBD_before_test,PROPOSED,0,NOT_SET,NOT_RUN,NOT_DECIDED
A002,A002,short_horizon_reversal,PRICE,"recent losers rebound","-rank(short-horizon return)",adjusted_close,TBD,TBD,TBD,cross_sectional_rank,long_top_short_bottom,TBD,TBD,exclude_and_report,TBD,TBD,rank_IC,"IC; spread; turnover; costs",positive,"liquidity provision/temporary pressure","short-run reversal literature",TBD_before_test,PROPOSED,0,NOT_SET,NOT_RUN,NOT_DECIDED
A003,A003,prior_high_proximity,PRICE,"prices near prior highs continue outperforming","rank(price/prior_52_week_high)",adjusted_close_and_high,TBD,TBD,TBD,cross_sectional_rank,long_top_short_bottom,TBD,TBD,exclude_and_report,TBD,TBD,rank_IC,"IC decay; spread; coverage",positive,"anchoring and underreaction","George and Hwang",TBD_before_test,PROPOSED,0,NOT_SET,NOT_RUN,NOT_DECIDED
A004,A004,abnormal_volume_continuation,VOLUME_LIQUIDITY,"abnormal participation strengthens directional continuation","rank(price_direction * abnormal_volume)",OHLCV,TBD,TBD,TBD,cross_sectional_rank,long_top_short_bottom,TBD,TBD,exclude_and_report,TBD,TBD,rank_IC,"IC; coverage; turnover",positive,"information arrival/attention","volume-return literature",TBD_before_test,PROPOSED,0,NOT_SET,NOT_RUN,NOT_DECIDED
A005,A005,illiquidity_change,VOLUME_LIQUIDITY,"worsening illiquidity is compensated in future returns","rank(change in abs(return)/dollar_volume)",OHLCV,TBD,TBD,TBD,cross_sectional_rank,long_top_short_bottom,TBD,TBD,exclude_and_report,TBD,TBD,rank_IC,"IC; tails; microcap dependence",positive,"liquidity premium","Amihud",TBD_before_test,PROPOSED,0,NOT_SET,NOT_RUN,NOT_DECIDED
A006,A006,low_volatility,VOLATILITY,"lower-volatility securities earn stronger risk-adjusted outcomes","-rank(lagged realized or idiosyncratic volatility)",daily_returns,TBD,TBD,TBD,cross_sectional_rank,long_top_short_bottom,TBD,TBD,exclude_and_report,TBD,TBD,rank_IC,"IC; beta exposure; spread",positive,"leverage constraints/benchmarking","low-volatility anomaly literature",TBD_before_test,PROPOSED,0,NOT_SET,NOT_RUN,NOT_DECIDED
A007,A007,earnings_yield,FUNDAMENTAL,"cheap firms outperform","rank(PIT earnings/market_cap)",PIT_fundamentals_and_price,TBD,TBD,TBD,cross_sectional_rank,long_top_short_bottom,TBD,TBD,exclude_and_report,TBD,TBD,rank_IC,"IC; coverage; sector exposure",positive,"value premium","value literature",TBD_before_test,PROPOSED,0,NOT_SET,NOT_RUN,NOT_DECIDED
A008,A008,gross_profitability,FUNDAMENTAL,"more profitable firms outperform","rank(PIT gross_profit/assets)",PIT_fundamentals,TBD,TBD,TBD,cross_sectional_rank,long_top_short_bottom,TBD,TBD,exclude_and_report,TBD,TBD,rank_IC,"IC; coverage; value correlation",positive,"productive quality","Novy-Marx",TBD_before_test,PROPOSED,0,NOT_SET,NOT_RUN,NOT_DECIDED
A009,A009,post_earnings_drift,EVENT,"prices underreact to earnings surprise","rank(timestamped standardized earnings surprise)",PIT_earnings_estimates_and_release_time,TBD,event,TBD,cross_sectional_rank,long_top_short_bottom,TBD,TBD,exclude_and_report,TBD,TBD,rank_IC,"event spread; decay; coverage",positive,"announcement underreaction","PEAD literature",TBD_before_test,PROPOSED,0,NOT_SET,NOT_RUN,NOT_DECIDED
A010,A010,momentum_low_vol_interaction,INTERACTION,"momentum is more reliable when realized volatility is lower","rank(momentum) combined with inverse volatility rank",adjusted_close,TBD,TBD,TBD,TBD,long_top_short_bottom,TBD,TBD,exclude_and_report,TBD,TBD,rank_IC,"IC; component correlation; turnover",positive,"attenuate crash-prone/noisy momentum","momentum and volatility literature",TBD_before_test,PROPOSED,0,NOT_SET,NOT_RUN,NOT_DECIDED
